<ImportExportXml version="9.2.24012.190" SolutionPackageVersion="9.2" languagecode="1046" generatedBy="CrmLive" xmlns:xsi="http://www.w3.org/2001/XMLSchema-instance">
  <SolutionManifest>
    <UniqueName>DYNTechTrenamentos</UniqueName>
    <LocalizedNames>
      <LocalizedName description="DYNTech Treinamentos" languagecode="1046" />
    </LocalizedNames>
    <Descriptions>
      <Description description="Atualização do DYNTech Treinamentos" languagecode="1046" />
    </Descriptions>
    <Version>1.1.0.0</Version>
    <Managed>0</Managed>
    <Publisher>
      <UniqueName>AdminDYNTech</UniqueName>
      <LocalizedNames>
        <LocalizedName description="Admin DYNTech" languagecode="1046" />
      </LocalizedNames>
      <Descriptions>
        <Description description="Editor/Publicador Admin DYNTech" languagecode="1046" />
      </Descriptions>
      <EMailAddress xsi:nil="true"></EMailAddress>
      <SupportingWebsiteUrl xsi:nil="true"></SupportingWebsiteUrl>
      <CustomizationPrefix>admindt</CustomizationPrefix>
      <CustomizationOptionValuePrefix>17601</CustomizationOptionValuePrefix>
      <Addresses>
        <Address>
          <AddressNumber>1</AddressNumber>
          <AddressTypeCode>1</AddressTypeCode>
          <City xsi:nil="true"></City>
          <County xsi:nil="true"></County>
          <Country xsi:nil="true"></Country>
          <Fax xsi:nil="true"></Fax>
          <FreightTermsCode xsi:nil="true"></FreightTermsCode>
          <ImportSequenceNumber xsi:nil="true"></ImportSequenceNumber>
          <Latitude xsi:nil="true"></Latitude>
          <Line1 xsi:nil="true"></Line1>
          <Line2 xsi:nil="true"></Line2>
          <Line3 xsi:nil="true"></Line3>
          <Longitude xsi:nil="true"></Longitude>
          <Name xsi:nil="true"></Name>
          <PostalCode xsi:nil="true"></PostalCode>
          <PostOfficeBox xsi:nil="true"></PostOfficeBox>
          <PrimaryContactName xsi:nil="true"></PrimaryContactName>
          <ShippingMethodCode>1</ShippingMethodCode>
          <StateOrProvince xsi:nil="true"></StateOrProvince>
          <Telephone1 xsi:nil="true"></Telephone1>
          <Telephone2 xsi:nil="true"></Telephone2>
          <Telephone3 xsi:nil="true"></Telephone3>
          <TimeZoneRuleVersionNumber xsi:nil="true"></TimeZoneRuleVersionNumber>
          <UPSZone xsi:nil="true"></UPSZone>
          <UTCOffset xsi:nil="true"></UTCOffset>
          <UTCConversionTimeZoneCode xsi:nil="true"></UTCConversionTimeZoneCode>
        </Address>
        <Address>
          <AddressNumber>2</AddressNumber>
          <AddressTypeCode>1</AddressTypeCode>
          <City xsi:nil="true"></City>
          <County xsi:nil="true"></County>
          <Country xsi:nil="true"></Country>
          <Fax xsi:nil="true"></Fax>
          <FreightTermsCode xsi:nil="true"></FreightTermsCode>
          <ImportSequenceNumber xsi:nil="true"></ImportSequenceNumber>
          <Latitude xsi:nil="true"></Latitude>
          <Line1 xsi:nil="true"></Line1>
          <Line2 xsi:nil="true"></Line2>
          <Line3 xsi:nil="true"></Line3>
          <Longitude xsi:nil="true"></Longitude>
          <Name xsi:nil="true"></Name>
          <PostalCode xsi:nil="true"></PostalCode>
          <PostOfficeBox xsi:nil="true"></PostOfficeBox>
          <PrimaryContactName xsi:nil="true"></PrimaryContactName>
          <ShippingMethodCode>1</ShippingMethodCode>
          <StateOrProvince xsi:nil="true"></StateOrProvince>
          <Telephone1 xsi:nil="true"></Telephone1>
          <Telephone2 xsi:nil="true"></Telephone2>
          <Telephone3 xsi:nil="true"></Telephone3>
          <TimeZoneRuleVersionNumber xsi:nil="true"></TimeZoneRuleVersionNumber>
          <UPSZone xsi:nil="true"></UPSZone>
          <UTCOffset xsi:nil="true"></UTCOffset>
          <UTCConversionTimeZoneCode xsi:nil="true"></UTCConversionTimeZoneCode>
        </Address>
      </Addresses>
    </Publisher>
    <RootComponents>
      <RootComponent type="1" schemaName="admindt_aluno" behavior="0" />
      <RootComponent type="1" schemaName="admindt_atividades" behavior="0" />
      <RootComponent type="1" schemaName="admindt_conta" behavior="0" />
      <RootComponent type="1" schemaName="admindt_curso" behavior="0" />
      <RootComponent type="1" schemaName="admindt_instrutor" behavior="0" />
      <RootComponent type="1" schemaName="admindt_treinamento" behavior="0" />
      <RootComponent type="1" schemaName="admindt_turmas" behavior="0" />
      <RootComponent type="29" id="{86af4148-9fac-ee11-a569-00224836f901}" behavior="0" />
      <RootComponent type="29" id="{b921fe56-9937-48d9-b7ea-ed3e16122b7c}" behavior="0" />
      <RootComponent type="60" id="{b8f14184-12b9-ee11-9079-00224836f901}" behavior="0" />
      <RootComponent type="60" id="{cfe98047-b5b8-ee11-9079-00224836f901}" behavior="0" />
      <RootComponent type="61" schemaName="admindt_botaoRibbon" behavior="0" />
      <RootComponent type="61" schemaName="admindt_DYNTechiconecurso" behavior="0" />
      <RootComponent type="61" schemaName="admindt_DYNTechLogo" behavior="0" />
      <RootComponent type="61" schemaName="admindt_DYNTechLogoApp" behavior="0" />
      <RootComponent type="61" schemaName="admindt_iconepessoa" behavior="0" />
      <RootComponent type="61" schemaName="admindt_ScriptCEPJS" behavior="0" />
      <RootComponent type="61" schemaName="admindt_ValidacaoCPFCNPJ" behavior="0" />
      <RootComponent type="62" schemaName="admindt_DYNTechTreinamentos" behavior="0" />
      <RootComponent type="62" schemaName="new_AplicativoDYNTechTreinamentos" behavior="0" />
      <RootComponent type="80" schemaName="new_AplicativoDYNTechTreinamentos" behavior="0" />
      <RootComponent type="91" id="{ab2e0813-ab70-4cde-ba27-68324c3acb0a}" schemaName="ClassLibraryPluginsDYNTech, Version=1.0.0.0, Culture=neutral, PublicKeyToken=09a045668de5591f" behavior="0" />
      <RootComponent type="300" schemaName="admindt_aplicativodyntechtreinamentos_62fe8" behavior="0" />
      <RootComponent type="300" schemaName="admindt_atividades2_19bb6" behavior="0" />
      <RootComponent type="300" schemaName="admindt_atividades_ee80a" behavior="0" />
      <RootComponent type="300" schemaName="cr8ca_pgina1_1c10b" behavior="0" />
    </RootComponents>
    <MissingDependencies>
      <MissingDependency>
        <Required type="1" schemaName="service" displayName="Serviço" solution="msdynce_Service (9.0.5.56)">
          <package>msdynce_ServiceAnchor (9.0.24012.1003)</package>
        </Required>
        <Dependent type="300" schemaName="admindt_atividades_ee80a" displayName="Atividades" />
      </MissingDependency>
      <MissingDependency>
        <Required type="1" schemaName="service" displayName="Serviço" solution="msdynce_Service (9.0.5.56)">
          <package>msdynce_ServiceAnchor (9.0.24012.1003)</package>
        </Required>
        <Dependent type="300" schemaName="admindt_atividades2_19bb6" displayName="Atividades 2" />
      </MissingDependency>
      <MissingDependency>
        <Required type="1" schemaName="serviceappointment" displayName="Atividade de Serviço" solution="msdynce_Service (9.0.5.56)">
          <package>msdynce_ServiceAnchor (9.0.24012.1003)</package>
        </Required>
        <Dependent type="300" schemaName="admindt_atividades_ee80a" displayName="Atividades" />
      </MissingDependency>
      <MissingDependency>
        <Required type="1" schemaName="serviceappointment" displayName="Atividade de Serviço" solution="msdynce_Service (9.0.5.56)">
          <package>msdynce_ServiceAnchor (9.0.24012.1003)</package>
        </Required>
        <Dependent type="300" schemaName="admindt_atividades2_19bb6" displayName="Atividades 2" />
      </MissingDependency>
      <MissingDependency>
        <Required type="300" schemaName="cat_overview_3dbf5" displayName="Overview" solution="msdyn_DataverseAcceleratorApp (1.0.3.30)" />
        <Dependent type="AppElement" displayName="cr8ca_new_AplicativoDYNTechTreinamentos_canvasappid_cat_overview_3dbf5" id.uniquename="cr8ca_new_AplicativoDYNTechTreinamentos_canvasappid_cat_overview_3dbf5" />
      </MissingDependency>
      <MissingDependency>
        <Required type="61" schemaName="msdyn_/Images/Area_Default_Icon.png" displayName="msdyn_/Images/Area_Default_Icon.png" solution="AppModuleWebResources (2.5)" />
        <Dependent type="62" schemaName="admindt_DYNTechTreinamentos" />
      </MissingDependency>
      <MissingDependency>
        <Required type="61" schemaName="msdyn_/Images/Area_Default_Icon.png" displayName="msdyn_/Images/Area_Default_Icon.png" solution="AppModuleWebResources (2.5)" />
        <Dependent type="62" schemaName="new_AplicativoDYNTechTreinamentos" />
      </MissingDependency>
      <MissingDependency>
        <Required type="61" schemaName="msdyn_/Images/Subarea_Default_Icon.png" displayName="msdyn_/Images/Subarea_Default_Icon.png" solution="AppModuleWebResources (2.5)" />
        <Dependent type="62" schemaName="admindt_DYNTechTreinamentos" />
      </MissingDependency>
      <MissingDependency>
        <Required type="61" schemaName="msdyn_/Images/Subarea_Default_Icon.png" displayName="msdyn_/Images/Subarea_Default_Icon.png" solution="AppModuleWebResources (2.5)" />
        <Dependent type="62" schemaName="new_AplicativoDYNTechTreinamentos" />
      </MissingDependency>
      <MissingDependency>
        <Required type="66" schemaName="MscrmControls.Canvas.CanvasControl" displayName="MscrmControls.Canvas.CanvasControl" solution="BaseCustomControlsCore (9.0.2401.2002)" />
        <Dependent type="60" displayName="Informações" parentDisplayName="Curso" id="{2a17ead3-64c1-4fe7-8109-06d8e49ea21a}" />
      </MissingDependency>
      <MissingDependency>
        <Required type="66" schemaName="MscrmControls.CustomerService.DueOpenActivitiesControl" displayName="MscrmControls.CustomerService.DueOpenActivitiesControl" solution="msdyn_ModernCaseManagement (9.0.24012.1017)">
          <package>msdyn_ServiceExtendedAnchor (9.0.24012.1017)</package>
        </Required>
        <Dependent type="26" schemaName="Treinamentos Ativos(as)" displayName="Treinamentos Ativos(as)" parentSchemaName="admindt_treinamento" parentDisplayName="Treinamento" id="{4fbab1a1-e299-4066-91ce-e7cc918c684e}" />
      </MissingDependency>
      <MissingDependency>
        <Required type="80" schemaName="Customerservicehub" displayName="Hub do SAC" solution="msdynce_Customerservicehub (9.0.5.0056)">
          <package>msdynce_ServiceAnchor (9.0.24012.1003)</package>
        </Required>
        <Dependent type="AppSetting" displayName="parentappmoduleid.uniquename=Customerservicehub,settingdefinitionid.uniquename=msdynce_enableenhanceemailtemplateeditor" id.parentappmoduleid.uniquename="Customerservicehub" id.settingdefinitionid.uniquename="msdynce_enableenhanceemailtemplateeditor" />
      </MissingDependency>
      <MissingDependency>
        <Required type="SettingDefinition" displayName="AppChannel" solution="msdyn_AppFrameworkInfraExtensions (1.0.0.6)" id.uniquename="AppChannel" />
        <Dependent type="AppSetting" displayName="parentappmoduleid.uniquename=new_AplicativoDYNTechTreinamentos,settingdefinitionid.uniquename=AppChannel" id.parentappmoduleid.uniquename="new_AplicativoDYNTechTreinamentos" id.settingdefinitionid.uniquename="AppChannel" />
      </MissingDependency>
      <MissingDependency>
        <Required type="SettingDefinition" displayName="msdynce_enableenhanceemailtemplateeditor" solution="msdynce_EmailTemplateConfigSolution (9.0.24012.1017)" id.uniquename="msdynce_enableenhanceemailtemplateeditor">
          <package>msdyn_ServiceExtendedAnchor (9.0.24012.1017)</package>
        </Required>
        <Dependent type="AppSetting" displayName="parentappmoduleid.uniquename=Customerservicehub,settingdefinitionid.uniquename=msdynce_enableenhanceemailtemplateeditor" id.parentappmoduleid.uniquename="Customerservicehub" id.settingdefinitionid.uniquename="msdynce_enableenhanceemailtemplateeditor" />
      </MissingDependency>
    </MissingDependencies>
  </SolutionManifest>
</ImportExportXml>